{"maxPortfolioAmount":397640.9228053904,"minPortfolioAmount":92139.70741489164}